Year,Equinox_Dawn_UTC,Orion_Max_Alt,Regulus_Az_at_Dawn,Regulus_Deviation_from_East
-13000,-13000-03-24 09:53:00,13.78,128.86,38.86
-12990,-12990-03-24 09:37:00,13.75,128.43,38.43
-12980,-12980-03-23 09:21:00,13.73,128.01,38.01
-12970,-12970-03-24 09:05:00,13.7,128.31,38.31
-12960,-12960-03-23 08:49:00,13.68,127.88,37.88
-12950,-12950-03-24 08:33:00,13.66,128.18,38.18
-12940,-12940-03-23 08:17:00,13.63,127.75,37.75
-12930,-12930-03-24 08:01:00,13.61,128.05,38.05
-12920,-12920-03-23 07:45:00,13.58,127.61,37.61
-12910,-12910-03-23 07:30:00,13.56,127.36,37.36
-12900,-12900-03-24 07:13:00,13.53,127.46,37.46
-12890,-12890-03-24 06:57:00,13.51,127.03,37.03
-12880,-12880-03-24 06:41:00,13.48,127.31,37.31
-12870,-12870-03-24 06:25:00,13.46,126.87,36.87
-12860,-12860-03-24 06:09:00,13.43,127.14,37.14
-12850,-12850-03-24 05:53:00,13.41,126.7,36.7
-12840,-12840-03-23 05:38:00,13.38,126.44,36.44
-12830,-12830-03-24 05:22:00,13.36,126.71,36.71
-12820,-12820-03-23 05:06:00,13.34,126.26,36.26
-12810,-12810-03-24 04:50:00,13.31,126.53,36.53
-12800,-12800-03-23 04:34:00,13.29,126.07,36.07
-12790,-12790-03-24 04:18:00,13.26,126.34,36.34
-12780,-12780-03-23 04:02:00,13.24,125.88,35.88
-12770,-12770-03-23 03:47:00,13.22,125.61,35.61
-12760,-12760-03-23 03:31:00,13.2,125.86,35.86
-12750,-12750-03-23 03:15:00,13.17,125.4,35.4
-12740,-12740-03-23 02:59:00,13.15,125.65,35.65
-12730,-12730-03-23 02:44:00,13.12,125.37,35.37
-12720,-12720-03-23 02:26:59,13.1,125.44,35.44
-12710,-12710-03-23 02:12:00,13.08,125.15,35.15
-12700,-12700-03-23 01:57:00,13.05,124.87,34.87
-12690,-12690-03-24 01:39:59,13.03,124.92,34.92
-12680,-12680-03-23 01:25:00,13.01,124.64,34.64
-12670,-12670-03-24 01:09:00,12.99,124.87,34.87
-12660,-12660-03-23 00:54:00,12.96,124.58,34.58
-12650,-12650-03-24 00:37:00,12.94,124.62,34.62
-12640,-12640-03-23 00:22:00,12.91,124.33,34.33
-12630,-12630-03-23 00:07:00,12.9,124.04,34.04
-12620,-12620-03-23 23:50:00,12.87,124.77,34.77
-12610,-12610-03-23 23:34:00,12.85,124.3,34.3
-12600,-12600-03-24 23:18:00,12.82,124.51,34.51
-12590,-12590-03-24 23:03:00,12.81,124.21,34.21
-12580,-12580-03-24 22:47:00,12.78,124.41,34.41
-12570,-12570-03-24 22:32:00,12.76,124.11,34.11
-12560,-12560-03-23 22:16:00,12.74,123.63,33.63
-12550,-12550-03-24 22:00:00,12.71,123.83,33.83
-12540,-12540-03-23 21:45:00,12.7,123.52,33.52
-12530,-12530-03-24 21:29:00,12.67,123.72,33.72
-12520,-12520-03-23 21:14:00,12.65,123.4,33.4
-12510,-12510-03-24 20:58:00,12.63,123.6,33.6
-12500,-12500-03-24 20:43:00,12.61,123.28,33.28
-12490,-12490-03-25 20:27:00,12.58,123.47,33.47
-12480,-12480-03-24 20:12:00,12.57,123.15,33.15
-12470,-12470-03-24 19:57:00,12.54,122.83,32.83
-12460,-12460-03-24 19:40:00,12.52,122.84,32.84
-12450,-12450-03-24 19:25:00,12.5,122.52,32.52
-12440,-12440-03-24 19:08:59,12.48,122.7,32.7
-12430,-12430-03-24 18:54:00,12.46,122.37,32.37
-12420,-12420-03-24 18:38:00,12.44,122.54,32.54
-12410,-12410-03-24 18:23:00,12.42,122.21,32.21
-12400,-12400-03-23 18:08:00,12.4,121.89,31.89
-12390,-12390-03-24 17:52:00,12.38,122.05,32.05
-12380,-12380-03-23 17:37:00,12.35,121.72,31.72
-12370,-12370-03-24 17:21:00,12.34,121.88,31.88
-12360,-12360-03-23 17:07:00,12.31,121.71,31.71
-12350,-12350-03-24 16:51:00,12.3,121.87,31.87
-12340,-12340-03-23 16:36:00,12.27,121.53,31.53
-12330,-12330-03-23 16:21:00,12.26,121.2,31.2
-12320,-12320-03-23 16:04:59,12.23,121.34,31.34
-12310,-12310-03-23 15:50:00,12.22,121.0,31.0
-12300,-12300-03-24 15:34:00,12.2,121.15,31.15
-12290,-12290-03-24 15:19:00,12.18,120.81,30.81
-12280,-12280-03-24 15:03:00,12.16,120.94,30.94
-12270,-12270-03-24 14:49:00,12.14,120.77,30.77
-12260,-12260-03-23 14:34:00,12.12,120.42,30.42
-12250,-12250-03-24 14:18:00,12.1,120.55,30.55
-12240,-12240-03-23 14:03:00,12.08,120.2,30.2
-12230,-12230-03-24 13:46:59,12.06,120.33,30.33
-12220,-12220-03-23 13:33:00,12.04,120.14,30.14
-12210,-12210-03-24 13:17:00,12.02,120.27,30.27
-12200,-12200-03-24 13:02:00,12.01,119.91,29.91
-12190,-12190-03-24 12:46:59,11.98,119.56,29.56
-12180,-12180-03-24 12:30:59,11.97,119.68,29.68
-12170,-12170-03-24 12:17:00,11.95,119.48,29.48
-12160,-12160-03-24 12:01:00,11.93,119.6,29.6
-12150,-12150-03-24 11:46:00,11.91,119.23,29.23
-12140,-12140-03-24 11:31:00,11.89,119.51,29.51
-12130,-12130-03-24 11:16:00,11.88,119.14,29.14
-12120,-12120-03-23 11:01:00,11.86,118.78,28.78
-12110,-12110-03-24 10:46:00,11.84,119.05,29.05
-12100,-12100-03-24 10:31:00,11.82,118.68,28.68
-12090,-12090-03-25 10:15:00,11.81,118.78,28.78
-12080,-12080-03-24 10:01:00,11.79,118.57,28.57
-12070,-12070-03-25 09:45:00,11.77,118.67,28.67
-12060,-12060-03-24 09:30:00,11.75,118.29,28.29
-12050,-12050-03-24 09:16:00,11.74,118.08,28.08
-12040,-12040-03-24 09:00:00,11.72,118.17,28.17
-12030,-12030-03-24 08:46:00,11.7,117.96,27.96
-12020,-12020-03-24 08:30:00,11.69,118.04,28.04
-12010,-12010-03-24 08:15:00,11.67,117.67,27.67
-12000,-12000-03-24 08:00:00,11.65,117.9,27.9
-11990,-11990-03-24 07:45:00,11.63,117.53,27.53
-11980,-11980-03-23 07:31:00,11.62,117.3,27.3
-11970,-11970-03-24 07:15:00,11.6,117.38,27.38
-11960,-11960-03-23 07:01:00,11.59,117.15,27.15
-11950,-11950-03-24 06:45:00,11.57,117.22,27.22
-11940,-11940-03-23 06:31:00,11.56,117.0,27.0
-11930,-11930-03-24 06:15:00,11.54,117.06,27.06
-11920,-11920-03-23 06:01:00,11.52,116.83,26.83
-11910,-11910-03-23 05:46:00,11.51,116.44,26.44
-11900,-11900-03-24 05:31:00,11.49,116.66,26.66
-11890,-11890-03-24 05:17:00,11.48,116.42,26.42
-11880,-11880-03-24 05:01:00,11.46,116.49,26.49
-11870,-11870-03-24 04:47:00,11.45,116.24,26.24
-11860,-11860-03-24 04:31:00,11.43,116.3,26.3
-11850,-11850-03-24 04:17:00,11.42,116.06,26.06
-11840,-11840-03-23 04:03:00,11.4,115.82,25.82
-11830,-11830-03-24 03:47:00,11.39,115.87,25.87
-11820,-11820-03-23 03:33:00,11.37,115.62,25.62
-11810,-11810-03-24 03:17:00,11.36,115.67,25.67
-11800,-11800-03-24 03:03:00,11.34,115.42,25.42
-11790,-11790-03-25 02:48:00,11.33,115.61,25.61
-11780,-11780-03-24 02:33:00,11.31,115.21,25.21
-11770,-11770-03-24 02:19:00,11.3,114.96,24.96
-11760,-11760-03-24 02:04:00,11.29,115.14,25.14
-11750,-11750-03-24 01:50:00,11.27,114.89,24.89
-11740,-11740-03-24 01:34:00,11.26,114.92,24.92
-11730,-11730-03-24 01:20:00,11.24,114.67,24.67
-11720,-11720-03-24 01:05:00,11.24,114.84,24.84
-11710,-11710-03-24 00:51:00,11.22,114.58,24.58
-11700,-11700-03-24 00:36:00,11.21,114.17,24.17
-11690,-11690-03-25 00:21:00,11.19,114.35,24.35
-11680,-11680-03-24 00:07:00,11.18,114.08,24.08
-11670,-11670-03-25 23:51:00,11.17,114.69,24.69
-11660,-11660-03-24 23:36:00,11.16,114.27,24.27
-11650,-11650-03-25 23:21:00,11.14,114.44,24.44
-11640,-11640-03-24 23:07:00,11.13,114.17,24.17
-11630,-11630-03-25 22:52:00,11.12,114.33,24.33
-11620,-11620-03-24 22:38:00,11.1,114.06,24.06
-11610,-11610-03-24 22:24:00,11.1,113.78,23.78
-11600,-11600-03-24 22:08:00,11.08,113.79,23.79
-11590,-11590-03-24 21:54:00,11.07,113.51,23.51
-11580,-11580-03-24 21:39:00,11.06,113.67,23.67
-11570,-11570-03-24 21:25:00,11.05,113.39,23.39
-11560,-11560-03-24 21:10:00,11.03,113.54,23.54
-11550,-11550-03-24 20:56:00,11.03,113.25,23.25
-11540,-11540-03-23 20:42:00,11.01,112.97,22.97
-11530,-11530-03-24 20:27:00,11.0,113.11,23.11
-11520,-11520-03-23 20:13:00,10.99,112.82,22.82
-11510,-11510-03-24 19:58:00,10.98,112.97,22.97
-11500,-11500-03-24 19:44:00,10.97,112.67,22.67
-11490,-11490-03-25 19:29:00,10.96,112.81,22.81
-11480,-11480-03-24 19:15:00,10.95,112.52,22.52
-11470,-11470-03-24 19:01:00,10.94,112.23,22.23
-11460,-11460-03-24 18:45:59,10.93,112.36,22.36
-11450,-11450-03-24 18:32:00,10.92,112.06,22.06
-11440,-11440-03-24 18:17:00,10.91,112.19,22.19
-11430,-11430-03-24 18:02:59,10.9,111.89,21.89
-11420,-11420-03-24 17:48:00,10.89,112.01,22.01
-11410,-11410-03-24 17:34:00,10.88,111.71,21.71
-11400,-11400-03-24 17:20:00,10.87,111.41,21.41
-11390,-11390-03-25 17:05:00,10.86,111.53,21.53
-11380,-11380-03-24 16:52:00,10.85,111.37,21.37
-11370,-11370-03-25 16:37:00,10.84,111.48,21.48
-11360,-11360-03-24 16:23:00,10.83,111.18,21.18
-11350,-11350-03-25 16:08:00,10.83,111.28,21.28
-11340,-11340-03-24 15:53:59,10.82,110.98,20.98
-11330,-11330-03-24 15:40:00,10.81,110.66,20.66
-11320,-11320-03-24 15:26:00,10.8,110.91,20.91
-11310,-11310-03-24 15:12:00,10.8,110.6,20.6
-11300,-11300-03-25 14:57:00,10.78,110.7,20.7
-11290,-11290-03-25 14:43:00,10.78,110.39,20.39
-11280,-11280-03-25 14:28:00,10.77,110.48,20.48
-11270,-11270-03-25 14:15:00,10.76,110.31,20.31
-11260,-11260-03-24 14:01:00,10.75,109.99,19.99
-11250,-11250-03-25 13:46:00,10.75,110.08,20.08
-11240,-11240-03-24 13:32:00,10.74,109.76,19.76
-11230,-11230-03-25 13:18:00,10.73,109.99,19.99
-11220,-11220-03-24 13:03:59,10.73,109.66,19.66
-11210,-11210-03-25 12:49:00,10.72,109.75,19.75
-11200,-11200-03-24 12:36:00,10.72,109.56,19.56
-11190,-11190-03-24 12:22:00,10.71,109.24,19.24
-11180,-11180-03-24 12:07:00,10.7,109.32,19.32
-11170,-11170-03-24 11:54:00,10.69,109.13,19.13
-11160,-11160-03-24 11:39:00,10.69,109.21,19.21
-11150,-11150-03-24 11:25:00,10.68,108.87,18.87
-11140,-11140-03-24 11:11:00,10.68,109.09,19.09
-11130,-11130-03-24 10:57:00,10.67,108.75,18.75
-11120,-11120-03-23 10:44:00,10.67,108.56,18.56
-11110,-11110-03-24 10:29:00,10.66,108.62,18.62
-11100,-11100-03-24 10:15:00,10.66,108.29,18.29
-11090,-11090-03-25 10:01:00,10.65,108.49,18.49
-11080,-11080-03-24 09:47:00,10.64,108.15,18.15
-11070,-11070-03-25 09:33:00,10.64,108.35,18.35
-11060,-11060-03-24 09:19:00,10.64,108.01,18.01
-11050,-11050-03-24 09:06:00,10.64,107.8,17.8
-11040,-11040-03-24 08:51:00,10.63,107.86,17.86
-11030,-11030-03-24 08:38:00,10.63,107.65,17.65
-11020,-11020-03-24 08:23:00,10.62,107.7,17.7
-11010,-11010-03-24 08:10:00,10.62,107.49,17.49
-11000,-11000-03-25 07:55:00,10.61,107.54,17.54
-10990,-10990-03-25 07:42:00,10.61,107.33,17.33
-10980,-10980-03-24 07:28:00,10.61,106.97,16.97
-10970,-10970-03-25 07:14:00,10.6,107.16,17.16
-10960,-10960-03-24 07:00:00,10.6,106.8,16.8
-10950,-10950-03-25 06:46:00,10.6,106.98,16.98
-10940,-10940-03-24 06:33:00,10.6,106.76,16.76
-10930,-10930-03-25 06:18:00,10.59,106.8,16.8
-10920,-10920-03-24 06:05:00,10.59,106.57,16.57
-10910,-10910-03-24 05:51:00,10.58,106.21,16.21
-10900,-10900-03-25 05:37:00,10.59,106.38,16.38
-10890,-10890-03-25 05:24:00,10.58,106.16,16.16
-10880,-10880-03-25 05:09:00,10.58,106.19,16.19
-10870,-10870-03-25 04:56:00,10.58,105.96,15.96
-10860,-10860-03-25 04:41:59,10.58,106.12,16.12
-10850,-10850-03-25 04:28:00,10.58,105.75,15.75
-10840,-10840-03-24 04:15:00,10.57,105.52,15.52
-10830,-10830-03-25 04:01:00,10.57,105.67,15.67
-10820,-10820-03-24 03:48:00,10.57,105.44,15.44
-10810,-10810-03-25 03:33:00,10.57,105.46,15.46
-10800,-10800-03-24 03:20:00,10.57,105.22,15.22
-10790,-10790-03-25 03:06:00,10.57,105.37,15.37
-10780,-10780-03-24 02:52:00,10.57,105.0,15.0
-10770,-10770-03-24 02:39:00,10.57,104.75,14.75
-10760,-10760-03-24 02:24:59,10.57,104.9,14.9
-10750,-10750-03-24 02:12:00,10.57,104.65,14.65
-10740,-10740-03-24 01:58:00,10.57,104.79,14.79
-10730,-10730-03-24 01:45:00,10.57,104.55,14.55
-10720,-10720-03-24 01:30:00,10.57,104.55,14.55
-10710,-10710-03-24 01:17:00,10.57,104.3,14.3
-10700,-10700-03-24 01:04:00,10.57,104.05,14.05
-10690,-10690-03-25 00:50:00,10.57,104.19,14.19
-10680,-10680-03-24 00:37:00,10.58,103.93,13.93
-10670,-10670-03-25 00:23:00,10.57,104.06,14.06
-10660,-10660-03-24 00:09:59,10.58,103.8,13.8
-10650,-10650-03-25 23:54:00,10.58,104.19,14.19
-10640,-10640-03-24 23:41:00,10.58,103.93,13.93
-10630,-10630-03-24 23:28:00,10.58,103.67,13.67
-10620,-10620-03-24 23:14:00,10.59,103.79,13.79
-10610,-10610-03-24 23:01:00,10.59,103.52,13.52
-10600,-10600-03-25 22:47:00,10.59,103.65,13.65
-10590,-10590-03-25 22:34:00,10.59,103.38,13.38
-10580,-10580-03-25 22:20:00,10.59,103.5,13.5
-10570,-10570-03-25 22:07:00,10.6,103.22,13.22
-10560,-10560-03-24 21:54:00,10.6,102.96,12.96
-10550,-10550-03-25 21:40:00,10.6,103.06,13.06
-10540,-10540-03-24 21:27:00,10.6,102.79,12.79
-10530,-10530-03-25 21:13:00,10.61,102.9,12.9
-10520,-10520-03-24 21:00:00,10.61,102.63,12.63
-10510,-10510-03-25 20:46:00,10.62,102.73,12.73
-10500,-10500-03-25 20:33:00,10.62,102.45,12.45
-10490,-10490-03-25 20:20:00,10.63,102.17,12.17
-10480,-10480-03-25 20:06:00,10.63,102.27,12.27
-10470,-10470-03-25 19:53:59,10.64,102.12,12.12
-10460,-10460-03-25 19:39:00,10.64,102.09,12.09
-10450,-10450-03-25 19:27:00,10.64,101.94,11.94
-10440,-10440-03-25 19:13:00,10.65,102.03,12.03
-10430,-10430-03-25 19:00:00,10.65,101.75,11.75
-10420,-10420-03-24 18:46:59,10.66,101.45,11.45
-10410,-10410-03-25 18:33:00,10.66,101.55,11.55
-10400,-10400-03-24 18:21:00,10.67,101.38,11.38
-10390,-10390-03-25 18:07:00,10.67,101.47,11.47
-10380,-10380-03-24 17:54:00,10.68,101.18,11.18
-10370,-10370-03-25 17:40:00,10.68,101.26,11.26
-10360,-10360-03-24 17:27:00,10.7,100.97,10.97
-10350,-10350-03-24 17:15:00,10.7,100.8,10.8
-10340,-10340-03-24 17:01:00,10.71,100.88,10.88
-10330,-10330-03-24 16:48:00,10.71,100.58,10.58
-10320,-10320-03-24 16:34:00,10.72,100.66,10.66
-10310,-10310-03-24 16:22:00,10.73,100.48,10.48
-10300,-10300-03-25 16:08:00,10.73,100.56,10.56
-10290,-10290-03-25 15:55:00,10.74,100.25,10.25
-10280,-10280-03-24 15:43:00,10.75,100.07,10.07
-10270,-10270-03-25 15:29:00,10.76,100.14,10.14
-10260,-10260-03-24 15:16:00,10.76,99.83,9.83
-10250,-10250-03-25 15:02:00,10.77,99.9,9.9
-10240,-10240-03-24 14:50:00,10.78,99.72,9.72
-10230,-10230-03-25 14:36:00,10.79,99.78,9.78
-10220,-10220-03-24 14:24:00,10.79,99.59,9.59
-10210,-10210-03-24 14:11:00,10.81,99.28,9.28
-10200,-10200-03-25 13:57:00,10.81,99.34,9.34
-10190,-10190-03-25 13:45:00,10.82,99.15,9.15
-10180,-10180-03-25 13:31:00,10.83,99.2,9.2
-10170,-10170-03-25 13:19:00,10.84,99.01,9.01
-10160,-10160-03-24 13:06:00,10.85,98.69,8.69
-10150,-10150-03-25 12:52:00,10.86,98.74,8.74
-10140,-10140-03-24 12:40:00,10.87,98.54,8.54
-10130,-10130-03-25 12:26:00,10.88,98.59,8.59
-10120,-10120-03-24 12:14:00,10.89,98.39,8.39
-10110,-10110-03-25 12:00:00,10.9,98.44,8.44
-10100,-10100-03-25 11:48:00,10.91,98.24,8.24
-10090,-10090-03-25 11:35:00,10.92,97.91,7.91
-10080,-10080-03-25 11:22:00,10.93,98.08,8.08
-10070,-10070-03-25 11:10:00,10.94,97.87,7.87
-10060,-10060-03-25 10:56:00,10.95,97.91,7.91
-10050,-10050-03-25 10:44:00,10.96,97.7,7.7
-10040,-10040-03-25 10:30:00,10.97,97.74,7.74
-10030,-10030-03-25 10:18:00,10.99,97.52,7.52
-10020,-10020-03-24 10:05:00,11.0,97.19,7.19
-10010,-10010-03-25 09:52:00,11.01,97.34,7.34
-10000,-10000-03-24 09:40:00,11.02,97.13,7.13
-9990,-9990-03-25 09:26:00,11.03,97.16,7.16
-9980,-9980-03-24 09:14:00,11.04,96.94,6.94
-9970,-9970-03-25 09:00:00,11.06,96.96,6.96
-9960,-9960-03-24 08:48:00,11.07,96.74,6.74
-9950,-9950-03-24 08:36:00,11.08,96.52,6.52
-9940,-9940-03-24 08:22:00,11.09,96.54,6.54
-9930,-9930-03-24 08:10:00,11.11,96.32,6.32
-9920,-9920-03-24 07:57:00,11.12,96.46,6.46
-9910,-9910-03-24 07:45:00,11.13,96.24,6.24
-9900,-9900-03-25 07:31:00,11.15,96.25,6.25
-9890,-9890-03-25 07:19:00,11.16,96.02,6.02
-9880,-9880-03-24 07:07:00,11.18,95.79,5.79
-9870,-9870-03-25 06:53:00,11.19,95.8,5.8
-9860,-9860-03-24 06:41:00,11.21,95.57,5.57
-9850,-9850-03-25 06:28:00,11.22,95.7,5.7
-9840,-9840-03-24 06:16:00,11.23,95.47,5.47
-9830,-9830-03-25 06:02:00,11.24,95.47,5.47
-9820,-9820-03-24 05:50:00,11.26,95.23,5.23
-9810,-9810-03-24 05:38:00,11.27,94.99,4.99
-9800,-9800-03-25 05:24:59,11.29,95.12,5.12
-9790,-9790-03-25 05:13:00,11.31,94.87,4.87
-9780,-9780-03-25 05:00:00,11.32,95.0,5.0
-9770,-9770-03-25 04:48:00,11.34,94.75,4.75
-9760,-9760-03-25 04:34:00,11.35,94.75,4.75
-9750,-9750-03-25 04:22:00,11.37,94.5,4.5
-9740,-9740-03-24 04:10:00,11.38,94.25,4.25
-9730,-9730-03-25 03:56:59,11.4,94.37,4.37
-9720,-9720-03-24 03:45:00,11.42,94.12,4.12
-9710,-9710-03-25 03:32:00,11.44,94.23,4.23
-9700,-9700-03-25 03:20:00,11.45,93.97,3.97
-9690,-9690-03-26 03:07:00,11.47,94.08,4.08
-9680,-9680-03-25 02:55:00,11.48,93.83,3.83
-9670,-9670-03-25 02:43:00,11.5,93.57,3.57
-9660,-9660-03-25 02:30:00,11.52,93.67,3.67
-9650,-9650-03-25 02:18:00,11.54,93.41,3.41
-9640,-9640-03-25 02:05:00,11.55,93.52,3.52
-9630,-9630-03-25 01:53:00,11.57,93.25,3.25
-9620,-9620-03-25 01:39:59,11.59,93.35,3.35
-9610,-9610-03-25 01:28:00,11.61,93.09,3.09
-9600,-9600-03-24 01:16:00,11.63,92.82,2.82
-9590,-9590-03-25 01:03:00,11.64,92.91,2.91
-9580,-9580-03-24 00:51:00,11.67,92.64,2.64
-9570,-9570-03-25 00:38:00,11.68,92.74,2.74
-9560,-9560-03-24 00:26:00,11.7,92.46,2.46
-9550,-9550-03-25 00:12:59,11.72,92.55,2.55
-9540,-9540-03-24 00:01:00,11.74,92.28,2.28
-9530,-9530-03-24 23:48:00,11.76,92.36,2.36
-9520,-9520-03-24 23:35:00,11.78,92.45,2.45
-9510,-9510-03-24 23:24:00,11.8,92.3,2.3
-9500,-9500-03-25 23:11:00,11.82,92.38,2.38
-9490,-9490-03-25 22:59:00,11.84,92.1,2.1
-9480,-9480-03-25 22:46:00,11.85,92.18,2.18
-9470,-9470-03-25 22:34:00,11.88,91.89,1.89
-9460,-9460-03-24 22:22:00,11.89,91.61,1.61
-9450,-9450-03-25 22:09:00,11.92,91.68,1.68
-9440,-9440-03-24 21:58:00,11.94,91.52,1.52
-9430,-9430-03-25 21:45:00,11.96,91.59,1.59
-9420,-9420-03-24 21:33:00,11.98,91.3,1.3
-9410,-9410-03-24 21:22:00,12.0,91.13,1.13
-9400,-9400-03-25 21:09:00,12.02,91.2,1.2
-9390,-9390-03-25 20:57:00,12.04,90.9,0.9
-9380,-9380-03-25 20:44:00,12.07,90.97,0.97
-9370,-9370-03-25 20:33:00,12.09,90.79,0.79
-9360,-9360-03-25 20:20:00,12.11,90.86,0.86
-9350,-9350-03-25 20:08:00,12.13,90.56,0.56
-9340,-9340-03-24 19:57:00,12.16,90.37,0.37
-9330,-9330-03-25 19:44:00,12.17,90.44,0.44
-9320,-9320-03-24 19:31:59,12.2,90.13,0.13
-9310,-9310-03-25 19:20:00,12.22,90.31,0.31
-9300,-9300-03-25 19:08:00,12.25,90.0,0.0
-9290,-9290-03-26 18:55:00,12.27,90.06,0.06
-9280,-9280-03-25 18:44:00,12.29,89.87,0.13
-9270,-9270-03-25 18:32:00,12.31,89.55,0.45
-9260,-9260-03-25 18:20:00,12.34,89.73,0.27
-9250,-9250-03-25 18:08:00,12.36,89.41,0.59
-9240,-9240-03-25 17:55:00,12.38,89.46,0.54
-9230,-9230-03-25 17:44:00,12.41,89.27,0.73
-9220,-9220-03-25 17:31:00,12.43,89.32,0.68
-9210,-9210-03-25 17:20:00,12.46,89.12,0.88
-9200,-9200-03-24 17:08:00,12.48,88.79,1.21
-9190,-9190-03-25 16:56:00,12.51,88.96,1.04
-9180,-9180-03-24 16:44:00,12.53,88.63,1.37
-9170,-9170-03-25 16:32:00,12.56,88.8,1.2
-9160,-9160-03-24 16:20:00,12.58,88.47,1.53
-9150,-9150-03-25 16:08:00,12.61,88.63,1.37
-9140,-9140-03-24 15:56:00,12.63,88.29,1.71
-9130,-9130-03-24 15:45:00,12.66,88.09,1.91
-9120,-9120-03-24 15:32:00,12.68,88.12,1.88
-9110,-9110-03-24 15:21:00,12.71,87.91,2.09
-9100,-9100-03-25 15:08:59,12.73,88.06,1.94
-9090,-9090-03-25 14:57:00,12.76,87.72,2.28
-9080,-9080-03-25 14:45:00,12.79,87.87,2.13
-9070,-9070-03-25 14:33:00,12.81,87.53,2.47
-9060,-9060-03-24 14:22:00,12.84,87.31,2.69
-9050,-9050-03-25 14:09:59,12.86,87.46,2.54
-9040,-9040-03-24 13:58:00,12.89,87.11,2.89
-9030,-9030-03-25 13:46:00,12.92,87.26,2.74
-9020,-9020-03-24 13:35:00,12.95,87.03,2.97
-9010,-9010-03-25 13:22:00,12.97,87.05,2.95
-9000,-9000-03-25 13:11:00,13.0,86.82,3.18
-8990,-8990-03-25 13:00:00,13.03,86.59,3.41
-8980,-8980-03-25 12:46:59,13.05,86.61,3.39
-8970,-8970-03-25 12:36:00,13.08,86.37,3.63
-8960,-8960-03-25 12:24:00,13.11,86.51,3.49
-8950,-8950-03-25 12:12:59,13.14,86.27,3.73
-8940,-8940-03-24 12:02:00,13.16,86.04,3.96
-8930,-8930-03-25 11:49:00,13.2,86.04,3.96
-8920,-8920-03-24 11:38:00,13.22,85.8,4.2
-8910,-8910-03-25 11:26:00,13.25,85.93,4.07
-8900,-8900-03-25 11:15:00,13.28,85.69,4.31
-8890,-8890-03-26 11:02:00,13.31,85.69,4.31
-8880,-8880-03-25 10:51:00,13.34,85.45,4.55
-8870,-8870-03-25 10:40:00,13.37,85.2,4.8
-8860,-8860-03-25 10:28:00,13.4,85.32,4.68
-8850,-8850-03-25 10:17:00,13.43,85.07,4.93
-8840,-8840-03-25 10:05:00,13.46,85.19,4.81
-8830,-8830-03-25 09:54:00,13.48,84.94,5.06
-8820,-8820-03-25 09:41:00,13.52,84.93,5.07
-8810,-8810-03-25 09:30:00,13.54,84.68,5.32
-8800,-8800-03-24 09:19:00,13.58,84.42,5.58
-8790,-8790-03-25 09:07:00,13.6,84.53,5.47
-8780,-8780-03-24 08:56:00,13.64,84.27,5.73
-8770,-8770-03-25 08:44:00,13.66,84.38,5.62
-8760,-8760-03-24 08:33:00,13.7,84.12,5.88
-8750,-8750-03-25 08:21:00,13.73,84.23,5.77
-8740,-8740-03-24 08:10:00,13.76,83.96,6.04
-8730,-8730-03-24 07:59:00,13.79,83.69,6.31
-8720,-8720-03-24 07:47:00,13.82,83.8,6.2
-8710,-8710-03-24 07:36:00,13.85,83.53,6.47
-8700,-8700-03-25 07:24:00,13.88,83.63,6.37
-8690,-8690-03-25 07:13:00,13.92,83.35,6.65
-8680,-8680-03-25 07:01:00,13.94,83.46,6.54
-8670,-8670-03-25 06:50:00,13.98,83.18,6.82
-8660,-8660-03-24 06:39:00,14.01,82.9,7.1
-8650,-8650-03-25 06:27:00,14.04,82.99,7.01
-8640,-8640-03-24 06:16:00,14.07,82.71,7.29
-8630,-8630-03-25 06:04:00,14.11,82.81,7.19
-8620,-8620-03-24 05:54:00,14.14,82.65,7.35
-8610,-8610-03-25 05:42:00,14.17,82.74,7.26
-8600,-8600-03-25 05:31:00,14.2,82.45,7.55
-8590,-8590-03-25 05:20:00,14.24,82.16,7.84
-8580,-8580-03-25 05:08:00,14.27,82.25,7.75
-8570,-8570-03-25 04:57:00,14.3,81.96,8.04
-8560,-8560-03-25 04:45:00,14.34,82.04,7.96
-8550,-8550-03-25 04:35:00,14.37,81.87,8.13
-8540,-8540-03-24 04:24:00,14.41,81.57,8.43
-8530,-8530-03-25 04:12:00,14.44,81.66,8.34
-8520,-8520-03-24 04:01:00,14.47,81.35,8.65
-8510,-8510-03-25 03:49:00,14.5,81.43,8.57
-8500,-8500-03-25 03:39:00,14.54,81.26,8.74
-8490,-8490-03-26 03:27:00,14.57,81.33,8.67
-8480,-8480-03-25 03:16:00,14.61,81.02,8.98
-8470,-8470-03-25 03:06:00,14.64,80.84,9.16
-8460,-8460-03-25 02:54:00,14.68,80.92,9.08
-8450,-8450-03-25 02:43:00,14.71,80.6,9.4
-8440,-8440-03-25 02:31:00,14.75,80.67,9.33
-8430,-8430-03-25 02:21:00,14.78,80.48,9.52
-8420,-8420-03-25 02:09:00,14.82,80.55,9.45
-8410,-8410-03-25 01:58:00,14.86,80.23,9.77
-8400,-8400-03-24 01:48:00,14.89,80.04,9.96
-8390,-8390-03-25 01:36:00,14.93,80.1,9.9
-8380,-8380-03-24 01:26:00,14.96,79.91,10.09
-8370,-8370-03-25 01:14:00,15.0,79.97,10.03
-8360,-8360-03-24 01:03:00,15.03,79.64,10.36
-8350,-8350-03-25 00:51:00,15.07,79.7,10.3
-8340,-8340-03-24 00:41:00,15.1,79.49,10.51
-8330,-8330-03-24 00:31:00,15.14,79.29,10.71
-8320,-8320-03-24 00:19:00,15.18,79.35,10.65
-8310,-8310-03-24 00:08:00,15.21,79.01,10.99
-8300,-8300-03-25 23:55:00,15.25,79.45,10.55
-8290,-8290-03-25 23:45:00,15.28,79.24,10.76
-8280,-8280-03-24 23:35:00,15.33,79.03,10.97
-8270,-8270-03-25 23:23:00,15.36,79.08,10.92
-8260,-8260-03-24 23:13:00,15.4,78.87,11.13
-8250,-8250-03-25 23:01:00,15.43,78.91,11.09
-8240,-8240-03-24 22:51:00,15.47,78.7,11.3
-8230,-8230-03-25 22:39:00,15.51,78.74,11.26
-8220,-8220-03-24 22:29:00,15.55,78.52,11.48
-8210,-8210-03-24 22:18:00,15.58,78.16,11.84
-8200,-8200-03-25 22:07:00,15.62,78.34,11.66
-8190,-8190-03-25 21:56:00,15.66,77.97,12.03
-8180,-8180-03-25 21:45:00,15.7,78.15,11.85
-8170,-8170-03-25 21:34:00,15.74,77.78,12.22
-8160,-8160-03-25 21:23:00,15.77,77.95,12.05
-8150,-8150-03-25 21:13:00,15.82,77.72,12.28
-8140,-8140-03-24 21:01:59,15.85,77.35,12.65
-8130,-8130-03-25 20:51:00,15.89,77.51,12.49
-8120,-8120-03-24 20:40:59,15.93,77.28,12.72
-8110,-8110-03-25 20:29:00,15.97,77.3,12.7
-8100,-8100-03-25 20:19:00,16.01,77.06,12.94
-8090,-8090-03-26 20:07:00,16.05,77.09,12.91
-8080,-8080-03-25 19:57:00,16.08,76.84,13.16
-8070,-8070-03-25 19:47:00,16.13,76.6,13.4
-8060,-8060-03-25 19:36:00,16.16,76.75,13.25
-8050,-8050-03-25 19:25:00,16.2,76.37,13.63
-8040,-8040-03-25 19:14:00,16.24,76.52,13.48
-8030,-8030-03-25 19:04:00,16.28,76.27,13.73
-8020,-8020-03-24 18:54:00,16.32,76.02,13.98
-8010,-8010-03-25 18:42:00,16.36,76.03,13.97
-8000,-8000-03-24 18:32:00,16.41,75.77,14.23
-7990,-7990-03-25 18:21:00,16.44,75.92,14.08
-7980,-7980-03-24 18:11:00,16.49,75.66,14.34
-7970,-7970-03-25 17:59:00,16.52,75.66,14.34
-7960,-7960-03-24 17:49:00,16.57,75.4,14.6
-7950,-7950-03-24 17:39:00,16.6,75.13,14.87
-7940,-7940-03-24 17:28:00,16.65,75.27,14.73
-7930,-7930-03-24 17:18:00,16.69,75.0,15.0
-7920,-7920-03-24 17:07:00,16.73,75.14,14.86
-7910,-7910-03-24 16:57:00,16.77,74.87,15.13
-7900,-7900-03-25 16:45:00,16.81,74.87,15.13
-7890,-7890-03-25 16:35:00,16.85,74.59,15.41
-7880,-7880-03-24 16:26:00,16.89,74.45,15.55
-7870,-7870-03-25 16:14:00,16.94,74.44,15.56
-7860,-7860-03-24 16:04:00,16.97,74.16,15.84
-7850,-7850-03-25 15:52:59,17.02,74.29,15.71
-7840,-7840-03-24 15:43:00,17.06,74.0,16.0
-7830,-7830-03-25 15:32:00,17.1,74.13,15.87
-7820,-7820-03-24 15:22:00,17.14,73.84,16.16
-7810,-7810-03-24 15:12:00,17.19,73.55,16.45
-7800,-7800-03-25 15:01:00,17.23,73.67,16.33
-7790,-7790-03-25 14:51:00,17.27,73.37,16.63
-7780,-7780-03-25 14:40:00,17.31,73.49,16.51
-7770,-7770-03-25 14:30:00,17.35,73.2,16.8
-7760,-7760-03-24 14:20:00,17.4,72.89,17.11
-7750,-7750-03-25 14:09:00,17.44,73.01,16.99
-7740,-7740-03-24 13:59:00,17.49,72.7,17.3
-7730,-7730-03-25 13:48:00,17.52,72.82,17.18
-7720,-7720-03-24 13:39:00,17.57,72.65,17.35
-7710,-7710-03-25 13:27:00,17.61,72.62,17.38
-7700,-7700-03-25 13:18:00,17.66,72.45,17.55
-7690,-7690-03-25 13:08:00,17.7,72.14,17.86
-7680,-7680-03-25 12:57:00,17.74,72.24,17.76
-7670,-7670-03-25 12:46:59,17.79,71.92,18.08
-7660,-7660-03-25 12:36:00,17.83,72.03,17.97
-7650,-7650-03-25 12:26:00,17.87,71.71,18.29
-7640,-7640-03-25 12:15:00,17.92,71.81,18.19
-7630,-7630-03-25 12:06:00,17.96,71.63,18.37
-7620,-7620-03-24 11:56:00,18.0,71.3,18.7
-7610,-7610-03-25 11:45:00,18.05,71.4,18.6
-7600,-7600-03-24 11:35:00,18.09,71.07,18.93
-7590,-7590-03-25 11:24:00,18.14,71.16,18.84
-7580,-7580-03-24 11:15:00,18.18,70.97,19.03
-7570,-7570-03-25 11:04:00,18.23,71.06,18.94
-7560,-7560-03-24 10:54:00,18.27,70.72,19.28
-7550,-7550-03-24 10:45:00,18.32,70.53,19.47
-7540,-7540-03-24 10:34:00,18.36,70.61,19.39
-7530,-7530-03-24 10:24:00,18.41,70.27,19.73
-7520,-7520-03-24 10:13:00,18.45,70.35,19.65
-7510,-7510-03-24 10:04:00,18.5,70.15,19.85
-7500,-7500-03-24 09:54:00,18.54,69.8,20.2
-7490,-7490-03-25 09:43:00,18.59,69.88,20.12
-7480,-7480-03-24 09:34:00,18.63,69.67,20.33
-7470,-7470-03-25 09:23:00,18.68,69.75,20.25
-7460,-7460-03-24 09:14:00,18.73,69.54,20.46
-7450,-7450-03-25 09:03:00,18.77,69.61,20.39
-7440,-7440-03-24 08:53:00,18.82,69.25,20.75
-7430,-7430-03-24 08:44:00,18.86,69.03,20.97
-7420,-7420-03-24 08:33:00,18.91,69.1,20.9
-7410,-7410-03-24 08:24:00,18.95,68.88,21.12
-7400,-7400-03-25 08:13:00,19.0,68.95,21.05
-7390,-7390-03-25 08:03:00,19.04,68.57,21.43
-7380,-7380-03-25 07:53:00,19.09,68.79,21.21
-7370,-7370-03-25 07:43:00,19.14,68.41,21.59
-7360,-7360-03-24 07:34:00,19.18,68.18,21.82
-7350,-7350-03-25 07:23:00,19.23,68.24,21.76
-7340,-7340-03-24 07:14:00,19.27,68.0,22.0
-7330,-7330-03-25 07:03:00,19.32,68.06,21.94
-7320,-7320-03-24 06:54:00,19.37,67.82,22.18
-7310,-7310-03-25 06:43:00,19.42,67.88,22.12
-7300,-7300-03-25 06:34:00,19.46,67.64,22.36
-7290,-7290-03-25 06:25:00,19.51,67.39,22.61
-7280,-7280-03-25 06:14:00,19.56,67.44,22.56
-7270,-7270-03-25 06:05:00,19.6,67.2,22.8
-7260,-7260-03-25 05:54:00,19.65,67.24,22.76
-7250,-7250-03-25 05:45:00,19.7,66.99,23.01
-7240,-7240-03-24 05:35:00,19.75,66.58,23.42
-7230,-7230-03-25 05:24:59,19.79,66.78,23.22
-7220,-7220-03-24 05:16:00,19.84,66.52,23.48
-7210,-7210-03-25 05:05:00,19.89,66.56,23.44
-7200,-7200-03-24 04:56:00,19.94,66.3,23.7
-7190,-7190-03-25 04:45:00,19.98,66.34,23.66
-7180,-7180-03-24 04:36:00,20.03,66.07,23.93
-7170,-7170-03-24 04:27:00,20.08,65.8,24.2
-7160,-7160-03-24 04:16:00,20.13,65.83,24.17
-7150,-7150-03-24 04:07:00,20.18,65.56,24.44
-7140,-7140-03-24 03:56:59,20.23,65.75,24.25
-7130,-7130-03-24 03:48:00,20.27,65.47,24.53
-7120,-7120-03-24 03:37:00,20.32,65.5,24.5
-7110,-7110-03-24 03:28:00,20.37,65.21,24.79
-7100,-7100-03-24 03:19:00,20.42,64.93,25.07
-7090,-7090-03-25 03:09:00,20.47,65.11,24.89
-7080,-7080-03-24 03:00:00,20.51,64.82,25.18
-7070,-7070-03-25 02:49:00,20.57,64.84,25.16
-7060,-7060-03-24 02:40:00,20.61,64.55,25.45
-7050,-7050-03-24 02:31:00,20.66,64.25,25.75
-7040,-7040-03-24 02:21:00,20.71,64.43,25.57
-7030,-7030-03-24 02:12:00,20.76,64.13,25.87
-7020,-7020-03-24 02:01:00,20.81,64.14,25.86
-7010,-7010-03-24 01:52:00,20.86,63.84,26.16
-7000,-7000-03-25 01:41:59,20.91,64.01,25.99
